2,Dow Corning - DuPont / XIAMETER Products,,,,Silitex S.r.l. Products (100% A-Z Official Catalog & Offsets),Silicone Manufacturers (Global Leaders),,,,,,Silicone Formulators & Specialty Producers,,,,,,,,,,,,Others - Non-Silicone & Natural Alternatives,,,,,,
3,Silicone family / Application Category,,Dow Corning - DuPont / XIAMETER Commercial Name,INCI / Chemical Name,Silitex Product Name & Full Range,Shin-Etsu,Momentive,Wacker (BELSIL / SILFOAM / SILRES),Evonik (ABIL / TEGO),Bluestar / Elkem (Mirasil),KCC Corp. / Basil (SeraSense),Grant Industries (Gransil),TINCI,Si&F,A&E Connock,Clariant,Siovation,Botanigenics,Chemsil Silicone,Jeen International,Siltech,BRB & Others,Croda,BASF / Cognis,Lubrizol / Noveon,Creations Couleur,Arch,Inolex,SEPPIC,Others
,A-Z Silitex Product Catalog,Quaternary Silicone Microemulsion,Dow Corning® 556 / DOWSIL™ 556 / DC Quat Fluid,Amino silicone quat / Quaternium-80 / Silicone Quaternium-22,AMINOQUAT (250 / 350 / 1000) - Silicone microemulsion for hydrophilic towel softeners and high wash-resistance,KF-8020,Silsoft Q / Silsoft Q-100,BELSIL ADM Quat Series,ABIL Quat 3676 / ABIL Quat 3272 / ABIL ME 45 MB,Mirasil Quat Series,SeraSense Q,Gransil Quat,TC-Quat,Cosmethicone Quat,AEC Quat,Clariant Quat,ACC Quat,Botanasil Quat,Chemsil Quat,Jeesilc Quat,Siltech Quat,BRB Quat 200,Crodamol Quat,Cetiol Quat,Schercemol Quat,Dedraflow Quat,Luxveil Quat,Lexfeel Quat,SEPPIC Quat,Sasil Quat
,A-Z Silitex Product Catalog,Cosmetic Reactive Silicone Fluid,Dow Corning® 2-8566 / DOWSIL™ 2-8566 / DC 8040,Amodimethicone,AMODIMETHICONE - Reactive silicone fluid for cosmetic preparations and hair conditioning,KF-8004 / KF-8005S,SF1708 / SF1706,BELSIL ADM 1370 / BELSIL ADM 1650,ABIL Soft AF 100,Mirasil ADM 403,TC-2810 / SeraSense AC 15,Gransil AMI,TC-Amodimethicone,Cosmethicone SF-800,AEC Amodimethicone,Clariant Siligen,ACC Amino Fluid,Botanasil AM-30,Chemsil AM-212,Jeesilc AMC,Siltech E-2145,BRB 1202 / BRB 1288,Crodamol AM,Cetiol Soft,Schercemol AM,Dedraflow AM,Luxveil AM,Lexfeel AM,SEPPIC Soft,Sasil AM
,A-Z Silitex Product Catalog,Paper & Pulp Softener Emulsion,N/A (Specialty Pulp Softener),Ester-quat / Silicone emulsion blend for cellulose fibers,ANTIGAP (50 / 100 / 200) - Water emulsion softener based on ester-quat for paper pulp fibers and fabrics,,,BELSIL Pulp Softener,REWOQUAT WE series / TEGO Pulp Softener,,,,,,,Clariant Pulp Softener,ACC Pulp,Botanasil Pulp,Chemsil Pulp,Jeesilc Pulp,Siltech Pulp,BRB Pulp Softener,,Cetiol Softener,,,,,,
,A-Z Silitex Product Catalog,Silicone Antifoams & Defoamers,Dow Corning® Antifoam A / Dow Corning® 1520 / XIAMETER® AFE-1520,Simethicone / Dimethicone & Silica Emulsion,ANTISCHIUMA 3 / BERETEX (350 / 500 / 750) - High-stability silicone water antifoam emulsions for process water and agrochemicals,KM-72 / KM-73 / KM-9729,SAG 10 / SAG 30 / SAG 100,SILFOAM SE 2 / SILFOAM SE 39 / SILFOAM SE 47,TEGO Antifoam Series / TEGO Foamex,Mirasil AD / Mirasil AF,TC-Defoamer A,Gransil AF,TC-Antifoam,Cosmethicone Antifoam,AEC Simethicone,Clariant Antimussol,ACC Defoamer A,Botanasil AF-30,Chemsil AF-10,Jeesilc AF,Siltech Antifoam,BRB AK Series / Siloen Defoamers,Crodamol AF,Plurafac,Schercemol AF,Dedraflow AF,Luxveil AF,Lexfeel AF,SEPPIC AF,Sasil AF
,A-Z Silitex Product Catalog,Automotive Polish & Hydrophobic Coating,Dow Corning® 36 Emulsion / XIAMETER® MEM-0036,Modified Silicone Fluid Emulsion,"BEAUTY CAR - Water emulsion based on modified silicones for car body shine, tire renewal, and hydro-repellent coating",KM-90 / KM-902,SM 2163 / SM 2138,BELSIL MEM 35 / BELSIL E 10,TEGO Mold Release / TEGO Polish,Mirasil EM 350,TC-Release 36,Gransil Auto,TC-Polish,Cosmethicone Auto,AEC Auto,Clariant Auto,ACC Auto,Botanasil Auto,Chemsil Auto,Jeesilc Auto,Siltech Auto,BRB Emulsion 35,,,,,,,,
,A-Z Silitex Product Catalog,Textile Amino Microemulsion,Dow Corning® 2-8566 / XIAMETER® MEM-0863,Amino-functional Silicone Microemulsion,BIRDYSIL (LR 500 / LR 600) - Amino silicone microemulsion conferring soft velvet hand feel to fabrics,KF-8018,Silsoft A-843,BELSIL ADM 6057 E,ABIL ME 45 MB,Mirasil ADM 405,SeraSense AC 15,Gransil AMI,TC-Microemulsion,Cosmethicone Micro,AEC Micro,Clariant Siligen,ACC Micro,Botanasil Micro,Chemsil Micro,Jeesilc Micro,Siltech Micro,BRB 1290,Crodamol Micro,Cetiol Soft,,,,,,
,A-Z Silitex Product Catalog,Natural Carnauba Wax Emulsion,N/A (Natural Carnauba Wax Emulsion),Carnauba Wax Emulsion (Cationic / Non-Ionic),"CARNAUBEX (C / 442) - Premium Carnauba wax water emulsion for paper sizing, leather finishing, and surface polishes",,,WACKER WAX EMULSION C,TEGO Wax Carnauba,,,,,,,,,,,,,,BRB Carnauba,Crodamol Carnauba,Cognis Carnauba Emulsion,,,,,
,A-Z Silitex Product Catalog,Surface Restructuring Polymer Dispersion,Dow Corning® IE-6683 / DOWSIL™ IE-6683 / DC Z-6341,Concentrated Polymer Dispersion / Silane-Siloxane Blend,CONSOLIDANTE PER AGUAREX - Concentrated filming polymer dispersion for surface restructuring and protective sealing,KBE-3083,Silquest A-137,SILRES BS 1701 / SILRES BS 29A,TEGOPHOB 6110 / TEGOPHOB 1650,Mirasil Hydrorep,SeraSense Hydro,Gransil Hydro,TC-Silane,Cosmethicone Hydro,AEC Silane,Clariant Hydro,ACC Hydro,Botanasil Hydro,Chemsil Hydro,Jeesilc Silane,Siltech Hydro,BRB Silane 66,,,,,,,,
,A-Z Silitex Product Catalog,Paper Pulp FDA Defoamer,Dow Corning® Antifoam A FDA / XIAMETER® AFE-1520,100% Active Self-Emulsifying FDA-Approved Defoamer,CPL 2907 - 100% active self-emulsifying FDA-approved process defoamer for paper/pulp manufacturing,KM-73,SAG 100,SILFOAM SE 39,TEGO Antifoam Food Grade,Mirasil AF Food,TC-Defoamer FDA,Gransil FDA,TC-FDA,Cosmethicone FDA,AEC Simethicone FDA,Clariant FDA,ACC Defoamer FDA,Botanasil FDA,Chemsil FDA,Jeesilc FDA,Siltech FDA,BRB AK 1000,,Plurafac FDA,,,,,,
,A-Z Silitex Product Catalog,Cyclomethicone / Volatile Siloxane,Dow Corning® 245 / DOWSIL™ 245 / XIAMETER® PMX-0245,Cyclopentasiloxane / Cyclohexasiloxane,Cyclosiloxane Blends / Silitex CM 040 / Silitex Volatile D5 Fluid - High-purity volatile carrier siloxane,KF-995 / TMF-1.5,SF1202 / SF1204 / SF1256,BELSIL CM 040 / BELSIL CM 1000,Tegosoft AC / ABIL B 8832,Mirasil CM 5 / Mirasil CM 12,SF0005Z / SeraSense SF D5,Gransil GCM-5 / Gransil RPS,TCS-6500,Cosmethicone SF-945,AEC Cyclopentasiloxane,,ACC CM-5 Fluid,Botanasil CP-33,Volasil 995,Jeesilc CPS-(210+211),Silwax D-02,BRB CM 50 / BRB CM 56,Crodamol SFX,Cetiol C5 / Cetiol CC,Schercemol Esters,Dedraflow 5.1-5.3,Luxveil 5,Lexfeel D5,SEPPIC D5,SiClone SR-5
,A-Z Silitex Product Catalog,"Low Viscosity Linear PDMS Fluids (5 - 1,000 cSt)","Dow Corning® 200 Fluid / DOWSIL™ 200 / XIAMETER® PMX-200 Silicone Fluid (5-1,000 cSt)",Dimethicone,"DIMETHICONE / Silitex DM Series (DM 5, DM 10, DM 50, DM 100, DM 350, DM 1000) - Linear dimethyl silicone fluids",KF-96A (5cs - 1000cs) / DM-Fluid,Element14 PDMS (5-1000) / SF96-5 to SF96-1000,BELSIL DM 5 to DM 1000 / BELSIL DM 350,ABIL Fluid 5 to 1000,Mirasil DM 5 to DM 1000,SF1000N (5-1000 cSt) / SeraSense SF,Gransil DM-5,TCS-10/100M,Cosmethicone SF-906,AEC Dimethicone,,ACC DM,Botanasil DM,Cosmetic Fluid 1406-DM,Jeesilc PDS Series,Silube,BRB DM 5 to DM 1000,Crodamol DM,Cetiol OE,Schercemol DM,Dedraflow DM,Luxveil DM,Lexfeel 7/350,SEPPIC DM,Sasil M-100/350
,A-Z Silitex Product Catalog,"High Viscosity Linear PDMS Fluids (12,500 - 2,000,000 cSt)","Dow Corning® 200 Fluid / DOWSIL™ 200 / XIAMETER® PMX-200 Silicone Fluid (12,500-2,000,000 cSt)",Dimethicone,"DIMETHICONE / Silitex DM Series (DM 12,500, DM 60,000, DM 100,000, DM 350,000, DM 2,000,000 cSt) / GOMMA SILICONICA (80 / 5000)","KF-96H (12,500cs - 1,000,000cs)",Element14 PDMS 60K - 1M / SF96-60K,"BELSIL DM 12500 to DM 100000 / BELSIL DM 500,000",ABIL Fluid 12500+,Mirasil DM 60000 to DM 500000,TCS-10M to TCS-100M / SeraSense SF 60k,Gransil DM-60k,TC-PDMS High,Cosmethicone High DM,AEC High Dimethicone,,ACC DM High,Botanasil DM High,Chemsil DM High,Jeesilc PDS High,Siltech High DM,BRB DM 12500 to 100000,,Cetiol HV,,,,Lexfeel N200-N350,,Sasil M-1000+
,A-Z Silitex Product Catalog,Perfume Essence & Odor Control Emulsion,N/A (Fragrance / Odor Control),Fragrance & Odor Absorbing Water Emulsion,ESSENZA DI EDEN / RINOXID - Water emulsion of perfumed essence and functional odor-absorbing formulation,,,,TEGO Sorb A30 / TEGO Sorb PY 88,,,,,,,,,,,,,,BRB Odor Sorb,,,,,,,
,A-Z Silitex Product Catalog,Plant-Based Bio-Emollients & Eco-Softeners,N/A (100% Bio-Based Softener),Vegetal Emollient & Softener Emulsion,EVERIX 35 / EVEROIL 35 - 100% plant-based emollient and eco-softener water emulsions for Eco-Label formulations,,Harmonie NatuVel / Harmonie NatuDerma,BELSIL eco EG 3001 (Bio-based carbon),TEGO Green / REWOPOL Bio,,,,,,,,,,,,,,BRB Eco Fluid,,Cetiol Bio,,,,Lexfeel N Series (100% Natural),SEPPIC Eco-Emollient
,A-Z Silitex Product Catalog,Standard Water-Based Silicone PDMS Emulsions,Dow Corning® 36 Emulsion / XIAMETER® MEM-0036 / DC 350 Emulsion,Dimethicone Water Emulsion (PDMS),EVERSIL (3.5 / 6.0 / 35 / 60 / 350 / 3500) - Signature silicone PDMS water emulsion range (35%-60% active),KM-90 / KM-902 / KM-910,SM 2163 / SM 2138 / SM 2140,BELSIL MEM 35 / BELSIL E 10 / BELSIL DM 5102 E,TEGO Mold Release / ABIL Emulsion Series,Mirasil EM 350 / Mirasil EM 600,TC-Release 36 / SeraSense EM 350,Gransil EM,TC-Emulsion,Cosmethicone Emulsion,AEC Emulsion 36,,ACC MR-36,Botanasil MR-36,Chemsil MR-350,Jeesilc MR-36,Siltech E-350,BRB Emulsion 35 / BRB Emulsion 60,,,,,,,,
,A-Z Silitex Product Catalog,100% Plant-Based Biodegradable Technology,N/A (100% Bio-Based Green Tech),FISIOREX 1000 (100% Bio-Based Formulation),"FISIOREX 1000 - Silitex breakthrough 100% plant-based, highly biodegradable green chemistry formulation",,Harmonie NatuVel,BELSIL eco EG 3001,TEGO Green Technology,,,,,,,,,,,,,,BRB Green Line,,Cetiol Green,,,,Lexfeel Natural,SEPPIC Green
,A-Z Silitex Product Catalog,Reactive Silicone Rubbers & Potting Compounds,Dow Corning® Silastic RTV / DOWSIL™ 3140,Reactive Silicone Rubber Fluid (80 - 5000 cSt),"GOMMA SILICONICA (80 / 5000) - Reactive silicone polymers that cure with catalyst to form tough, transparent silicone rubber",KE-12 / KE-14,RTV 108 / RTV 157,ELAFTOSIL RTV,TEGO RTV,Mirasil RTV,SeraSense RTV,,,,,,,,,,,,BRB RTV Rubber,,,,,,,
,A-Z Silitex Product Catalog,GOTS-ICEA Organic Certified Textile Auxiliaries,N/A (GOTS-ICEA Eco-Certified Organic),GOTS-ICEA Certified Organic Amino Silicone Finish,GOTS-ICEA Certified Textile Auxiliaries - Eco-certified organic amino silicone softeners and finishing agents,,,BELSIL Eco ADM / SILFIN Organic,TEGO Textile Organic / ABIL Eco,,,,,,,Clariant EarthTones / Siligen Eco,,,,,,,BRB Eco Finish,,,,,,,SEPPIC Eco-Finish
,A-Z Silitex Product Catalog,Methylhydrogen Polysiloxanes / Anhydrous Reactive Bases,Dow Corning® 1107 / DOWSIL™ 1107 / XIAMETER® MH-1107,Methylhydrogen Polysiloxane / Anhydrous Reactive Fluid / Methicone,H 160 / H 180 - Anhydrous reactive silicone fluids (medium to high reactivity) used as synthesis bases for silicone softeners,KF-99P / AES-3083,MH-1107 / SF1040,WACKER HYDROGEN FLUID L066,TEGOSIP H-Fluid,Mirasil H-Fluid,SeraSense MH,,,,,,,,,,,,BRB MH 1107,,,,,,,
,A-Z Silitex Product Catalog,Hydrophilic Silicone Microemulsions,Dow Corning® 193 Fluid / DOWSIL™ 193 / XIAMETER® OFX-0193,PEG-12 Dimethicone / Hydrophilic Silicone Microemulsion,IDROAMISIL / IDROAMISIL 1000 - Special silicone microemulsion imparting strong hydrophilic rewetting effect and soft hand,KF-6011 / KF-6012,Silsoft 880 / SF1288,BELSIL DMC 6031,ABIL B 8843,Mirasil DMCO,TC-3011 / SeraSense SF 193,Gransil 530,TC-3011,Cosmethicone SF-193,AEC PEG-12 Dimethicone,Clariant Polyglykol,ACC PE-193,Botanasil S-193,Chemsil PE-20,Jeesilc 193,Siltech C-101,BRB 526 / BRB 544,Crodamol PE,Cetiol HE,Schercemol PE,Dedraflow PE,Luxveil PE,Lexfeel PE,SEPPIC Fluid,Sasil PE-193
,A-Z Silitex Product Catalog,Polyethylene Wax Microemulsions & Nanoemulsions,N/A (PE Wax Emulsion),Polyethylene Wax Microemulsion / PE Nanoemulsion,IDROCER / IDROCER SH / IDROCER 1300 - PE wax microemulsions & nanoemulsions providing transparent protective films,,,WACKER PE WAX EMULSION,TEGO PE Wax,,,,,,,,,,,,,,BRB PE Emulsion,,Loxanol PE Emulsion,,,,,
,A-Z Silitex Product Catalog,Wool Softener Lanolin Dispersion,N/A (Lanolin Dispersion),Lanolin Dispersion for Wool Care,LANEMUL - Special lanolin-based dispersion specifically formulated for wool softening and textile care,,,,,,,,,,,,,,,,,,BRB Wool Soft,Medilan / Coronet Lanolin Emulsion,,,,,,
,A-Z Silitex Product Catalog,Sewing Thread Silicone Lubricant Emulsion,Dow Corning® Thread Lubricant / DOWSIL™ Thread Lubricant / XIAMETER® PMX-200,Water-based Silicone Wax Emulsion,LUBROFIL 4500 - Water-based silicone wax emulsion specifically designed as a high-efficiency lubricant for sewing yarn,KM-9729,SM 2138 Lubricant,WACKER THREAD LUBRICANT 45,TEGO Thread Lub,Mirasil Thread,SeraSense TL,,,,,,,,,,,,BRB Thread Lub,,,,,,,
,A-Z Silitex Product Catalog,D4/D5-Free Amino Silicone Macroemulsions,Dow Corning® 2-8566 / XIAMETER® MEM-0863,Amodimethicone / Amino Silicone Macroemulsion (D4/D5 Free),MACROAMISIL / MACROAMISIL SLR / MACROAMISIL (E1386) - D4/D5-free high-reactivity amino silicone emulsions conferring soft velvet/silky hand feel,KF-8004,SF1708,BELSIL ADM 6057 E,ABIL Soft AF 100,Mirasil ADM 403,SeraSense AC 15,Gransil AMI,TC-Amodimethicone,Cosmethicone SF-800,AEC Amodimethicone,Clariant Siligen,ACC Amino Fluid,Botanasil AM-30,Chemsil AM-212,Jeesilc AMC,Siltech E-2145,BRB 1202 / BRB 1288,Crodamol AM,Cetiol Soft,Schercemol AM,Dedraflow AM,Luxveil AM,Lexfeel AM,SEPPIC Soft,Sasil AM-200
,A-Z Silitex Product Catalog,Reactive Hydrophobic Microemulsions,Dow Corning® 1501 Fluid / XIAMETER® PMX-1501 / DC 1501,Reactive Silicone Microemulsion / Cyclopentasiloxane (and) Dimethiconol,"MICROAMISIL (41 / C / E1352) / MICROAMODIMETISIL - Special reactive microemulsions conferring durable water repellency, shine, and soft hand feel",X-21-5666,Silsoft 1215,BELSIL CM / DM Micro,ABIL OSW,Mirasil C-DML,SeraSense GB 10,Gransil 516,TC-1214D,Cosmethicone SF-916C,AEC Cyclopentasiloxane,,,Botanasil GB-36,Cosmetic Fluid 1585-OH,Jeesilc DMC 141,Si-Tec GF 1000,BRB 1834 / BRB 1835,,,,,,,,
,A-Z Silitex Product Catalog,Feather Duster & Down Conditioning Microemulsion,N/A (Feather Treatment Microemulsion),Special Silicone Feather Conditioner Microemulsion,"MICROPIUMA - Special silicone microemulsion for down feather treatment, restoring swelling, softness, and resilience",,,BELSIL Feather Care,TEGO Down Care,,,,,,,,,,,,,,BRB Feather Soft,,,,,,,
,A-Z Silitex Product Catalog,Deep-Penetrating Textile Nanoemulsion,N/A (Textile Nanoemulsion),Amino-functional Silicone Nanoemulsion,NANOAMISIL HR - High-penetration silicone nanoemulsion capable of deeply penetrating fiber structures for ultra-soft hand feel,KF-8020 Nano,Silsoft Nano,BELSIL ADM Nano,ABIL Nano Soft,Mirasil Nano,SeraSense Nano,Gransil Nano,,,,,,,,,,,BRB Nano 100,,,,,,,
,A-Z Silitex Product Catalog,Paraffin Wax Waterproofing Emulsion,N/A (Paraffin Waterproofing Emulsion),Paraffin Wax Water Emulsion,"POLYEMUL (TS / 800/38) - Very stable paraffin wax water emulsion for paper, cardboard, and masonry waterproofing",,,WACKER PARAFFIN EMULSION,TEGO Wax Paraffin,,,,,,,,,,,,,,BRB Paraffin,,Mobilcer Paraffin Emulsion,,,,,
,A-Z Silitex Product Catalog,Electronics & Rubber Assembly Lubricant,Dow Corning® 555 / DOWSIL™ 555 Assembly Fluid,Specialized Silicone Fluid Lubricant Emulsion,REOGUM 500 - High-performance assembly lubricant emulsion used in electronics and rubber gasket installation,KS-66 / KS-69,G661 / G662,WACKER ASSEMBLY LUBRICANT,TEGO Assembly Fluid,Mirasil Assembly,SeraSense AL,,,,,,,,,,,,BRB Assembly Fluid,,,,,,,
,A-Z Silitex Product Catalog,Silicone Elastomer Gel (D5 / D5-Free),Dow Corning® 9040 / Dow Corning® 9041 / DOWSIL™ 9040 / DOWSIL™ 9045,Cyclopentasiloxane (and) Dimethicone Crosspolymer,Silitex SG 9040 / Silitex SG 9041 / Silitex Velvet Gel Series - Elastomer crosspolymer gels in D5 carrier or D5-free dimethicone,KSG-15 / KSG-16 / USG-103,Velvesil 125 / Velvesil DM Silicone / SF-839,BELSIL RG 100 / BELSIL RG 1100 / BELSIL EG 3000,ABIL Care Gel / ABIL Elastomer Gel,Mirasil Velvet Rubber,GRANSIL GCM-5 / GRANSIL DM-5,Gransil RPS,TC-600,Cosmethicone SF-600,AEC Elastomer Gel,,ACC Gel,Botanasil GB-26,Chemsil K-61,Jeesilc 3D5,Si-Tec GF 1000,BRB SG 106 / BRB SG 506,,,,,,,,Sasil 8230
,A-Z Silitex Product Catalog,Restructuring Anti-Peeling Fabric Microemulsion,N/A (Fabric Restructuring Microemulsion),Special Restructuring Microemulsion,"STENATEX C - Special microemulsion with strong softening, anti-peeling, fiber restructuring, and wash-resistant effects",,,BELSIL Restructure,TEGO Restructure,,,,,,,,,,,,,,BRB Restructure,,,,,,,
,A-Z Silitex Product Catalog,Amino Silicone Softener Microemulsion,Dow Corning® 2-8566 / XIAMETER® MEM-0863,Amino Silicone Microemulsion,STONIX (5000 / 6000) - Amino silicone microemulsion delivering exceptional soft hand feel for textiles and specialty paper,KF-8004,SF1708,BELSIL ADM 6057 E,ABIL Soft AF 100,Mirasil ADM 403,SeraSense AC 15,Gransil AMI,TC-Amodimethicone,Cosmethicone SF-800,AEC Amodimethicone,Clariant Siligen,ACC Amino Fluid,Botanasil AM-30,Chemsil AM-212,Jeesilc AMC,Siltech E-2145,BRB 1202 / BRB 1288,Crodamol AM,Cetiol Soft,Schercemol AM,Dedraflow AM,Luxveil AM,Lexfeel AM,SEPPIC Soft,Sasil AM-200
,A-Z Silitex Product Catalog,100% Active Anhydrous Non-Silicone Jet Defoamer,N/A (100% Active Non-Silicone Jet Defoamer),Self-Emulsifying Anhydrous Non-Silicone Defoamer,"SUREVAT (160 W / 679) - 100% active silicone-free self-emulsifying antifoam for high-temp jet dyeing, paint booths, and degreasing",,,SILFOAM Non-Silicone,TEGO Antifoam KS,,,,,,,,,,,,,,BRB Non-Silicone Antifoam,,Plurafac Non-Silicone,,,,,
,A-Z Silitex Product Catalog,Paper Fiber Softening & Bulking Nanodispersions,N/A (Paper Nanodispersion),Water-based Silicone Nanodispersion,VOLUMEX / VOLUSOFT - Water-based nanodispersions with strong softening and bulking effects on paper and cellulose fibers,,,BELSIL Paper Nano,TEGO Paper Soft,,,,,,,,,,,,,,BRB Paper Soft,,,,,,,
,A-Z Silitex Product Catalog,Natural Beeswax Polish Emulsion,N/A (Natural Beeswax Emulsion),Beeswax Water Emulsion,"WASPER D - Natural beeswax water emulsion for wood, leather, and hard surface polishing formulations",,,WACKER BEESWAX EMULSION,TEGO Wax Beeswax,,,,,,,,,,,,,,BRB Beeswax,,Koster Keunen Beeswax 30,,,,,
,A-Z Silitex Product Catalog,Silicone Resins & MQ Film Formers,Dow Corning® MQ-1600 Solid Resin / XIAMETER® RSN-0749 / DC 593,Trimethylsiloxysilicate / Polypropylsilsesquioxane,Silitex MQ Resin Blends / Silitex Film-Forming Resin Emulsions / Silitex Waterproof Film Formers / Silitex Idrorepellenti MQ Series,KF-7312J / KF-7312K / KF-7312L,SR1000 / SS4230 / SS4267,BELSIL TMS 803 / BELSIL REG 1103 B,ABIL MQ 803,Mirasil TMS,TC-7010 / SeraSense RB 10,Gransil TMS,TC-MQ,Cosmethicone SF-710,AEC Trimethylsiloxysilicate,,ACC MQ-16,Botanasil MQ-16,Chemsil MQ-50,Jeesilc TMS,Siltech MQ-1,BRB TMS 50 / BRB TMS 80,,,,,,Lexfeel Shine,,
,A-Z Silitex Product Catalog,"Silicone Emulsifiers & W/O, W/Si Formulation Aids",Dow Corning® 5225C Formulation Aid / DOWSIL™ 5225C / DC 5200,Cyclopentasiloxane (and) PEG/PPG-18/18 Dimethicone / Cetyl PEG/PPG-10/1 Dimethicone,Silitex Advanced Emulsion Bases / Silitex Emulsifier 5225C / Silitex High Tech Emulsion Formulations (Alta Tecnologia dell'Emulsione),KF-6028 / KF-6038 / KF-6050,Silsoft 900 / SF1528 / SF1540,BELSIL WO 5000 / BELSIL WO 3700,ABIL EM 90 / ABIL EM 180 / ABIL EM 97 S / ABIL Care XL 80 MB,Mirasil WO 8210,TC-3028 / SeraSense LA 10,Gransil 501,TC-3028,Cosmethicone SF-5225,AEC Silicone Emulsifier,,ACC SE-52,Botanasil SE-52,Chemsil SE-90,Jeesilc 5225,Siltech E-300,BRB 523 / BRB 526,,,,,,,,
