Account Name,Industry Sector,Company Sub-Industry,Silitex Product Category Match,Target Application & Use Case,Est Annual Volume Potential (Tons),Est Annual Value Potential (USD),Priority Deal Tier,Target Department,Target Contact Role,Lead Status
ICL Group (ICL Growing Solutions),Agriculture & Agrochemicals,"Major global manufacturer of fertilizers, specialty minerals, and agricultural inputs based in Tel Aviv & Haifa.",Agricultural Super-Spreaders & Antifoams,Silicone organo-surfactants and spray tank defoamers for liquid fertilizers and crop protection formulations.,60,300000,Tier 1 - High Volume,Agrochemical R&D & Procurement,VP R&D / Procurement Lead,Prospect - Ready for Outreach
Adama Agricultural Solutions,Agriculture & Agrochemicals,"Global leader in crop protection solutions headquartered in Airport City, Israel, manufacturing herbicides, insecticides, and fungicides.",Agricultural Adjuvants & FISIOREX 1000,Plant-based biodegradable wetting agents and organosilicone adjuvants to enhance spray absorption and rain-fastness.,60,300000,Tier 1 - High Volume,Agrochemical R&D & Procurement,VP R&D / Procurement Lead,Prospect - Ready for Outreach
Haifa Group,Agriculture & Agrochemicals,"Global supplier of Potassium Nitrate, Specialty Plant Nutrients, and Water-Soluble Fertilizers based in Haifa.",Fertigation Surfactants & Antifoams,Non-foaming wetting agents for drip irrigation systems and concentrated liquid nutrient formulations.,60,300000,Tier 1 - High Volume,Agrochemical R&D & Procurement,VP R&D / Procurement Lead,Prospect - Ready for Outreach
Inrom Construction Industries (Termokir / Alumayer),Water Repellents & Building Protection,"Leading Israeli building products group producing dry-mix mortars, adhesives, and external wall insulation systems.",Water Repellent Emulsions (Idrorepellenti),"Silicone hydrophobic additives for dry mortars, exterior renders, and stone facade sealants.",65,325000,Tier 1 - High Volume,Dry Mortars & QC Division,Chief Materials Engineer,Prospect - Ready for Outreach
Ashtrom Group (Ashtrom Industries),Water Repellents & Building Protection,"One of Israel's largest construction and industrial conglomerates manufacturing concrete elements, sealants, and infrastructure coatings.",Silicone Hydrophobic Sealants & Impregnators,Waterproof silane/siloxane emulsions for precast concrete protection and coastal infrastructure masonry.,65,325000,Tier 1 - High Volume,Dry Mortars & QC Division,Chief Materials Engineer,Prospect - Ready for Outreach
Tambour Ltd.,"Paints, Coatings & Varnishes","Israel's market leader in decorative, industrial, and architectural paints, wood finishes, and construction materials founded in 1936.",Silicone Paint Additives & Emulsions,"Hydrophobic wall paint additives, anti-cratering compounds, slip additives, and weather-resistant resin modifiers.",55,275000,Tier 1 - Anchor Account,Paint Formulations & Sourcing,Chief Paint Chemist,Prospect - Ready for Outreach
Nirlat Ltd.,"Paints, Coatings & Varnishes","Major Israeli manufacturer of architectural paints, industrial powder coatings, sealants, and wood varnishes based in Netanya & Nir-Oz.",Silicone Additives & Green Chemistry,"Eco-certified silicone additives for water-based exterior coatings, masonry primers, and bio-based paint formulations.",55,275000,Tier 1 - Anchor Account,Paint Formulations & Sourcing,Chief Paint Chemist,Prospect - Ready for Outreach
Sano Bruno's Enterprises,Detergents & Cleaning Formulations,"Israel's leading manufacturer of household cleaning products, detergents, fabric softeners, and maintenance chemicals.",Detergent Antifoams & Fabric Care Silicones,Silicone defoaming emulsions for liquid detergents and softening silicone emulsions for laundry care products.,55,275000,Tier 1 - Anchor Account,Detergent R&D & Sourcing,Detergent R&D Director,Prospect - Ready for Outreach
Cleano-Kal Ltd.,Detergents & Cleaning Formulations,"Israeli developer and producer of industrial, institutional, and commercial hygiene and cleaning formulations.",Industrial Defoamers & Surface Polishers,High-efficiency silicone antifoams for industrial CIP cleaning and protective silicone emulsions for hard surfaces.,55,275000,Tier 1 - Anchor Account,Detergent R&D & Sourcing,Detergent R&D Director,Prospect - Ready for Outreach
Mekorot National Water Co.,Water Treatment & Purification,"Israel's national water authority operating extensive drinking water filtration, desalination integration, and wastewater reclamation networks.",Process Defoamers (Depurazione),Food-grade and municipal silicone antifoam emulsions for aeration basins and water treatment plants.,50,250000,Tier 1 - High Volume,Wastewater & Chemical Services,Chief Water Quality Engineer,Prospect - Ready for Outreach
GES (Global Environmental Solutions),Water Treatment & Purification,"Leading Israeli EPC and operator of industrial wastewater treatment plants, desalination facilities, and water purification chemical formulations.",Industrial Water Antifoams & Demulsifiers,Silicone defoaming agents and process fluid additives for industrial effluent treatment.,50,250000,Tier 1 - High Volume,Wastewater & Chemical Services,Chief Water Quality Engineer,Prospect - Ready for Outreach
Keter Plastic Ltd.,Rubber & Plastics Processing,Global leader in resin-based consumer goods and injection-molded outdoor products headquartered in Herzliya/Yokneam.,Silicone Mold Release Emulsions,High-efficiency silicone mold release agents and internal sliding additives for thermoplastic injection molding.,40,200000,Tier 2 - Medium-High,Injection Molding & Compounding,Polymer Tooling & R&D Lead,Prospect - Ready for Outreach
Polyram Plastic Industries,Rubber & Plastics Processing,"Leading Israeli producer of high-performance thermoplastic compounds, binding agents, and technical resins based in Ramat Yishai.",Processing Aids & Slip Additives,Silicone masterbatch fluids and surface finish modifiers for technical resin compounding.,40,200000,Tier 2 - Medium-High,Injection Molding & Compounding,Polymer Tooling & R&D Lead,Prospect - Ready for Outreach
Iscar Ltd. (IMC Group),Metalworking & Machining,"World-leading precision metalworking tool and machining fluid end-user headquartered in Tefen, Israel (subsidiary of Berkshire Hathaway).",Metalworking Coolant Defoamers,"Silicone antifoams for metalworking coolants, cutting fluids, and synthetic lubricant emulsions.",30,180000,Tier 1 - Strategic Account,Coolants & Lubricants R&D,Chemical Coolants Lead,Prospect - Ready for Outreach
Infinya (Hadera Paper),Paper & Packaging,"Israel's largest paper recycling, packaging, and paper product manufacturing group based in Hadera.",Paper Defoamers & Release Coatings (Cartario),Silicone process defoamers for paper pulp slurry and hydrophobic release coatings for packaging papers.,80,400000,Tier 1 - High Volume,Paper Mill Chemical Operations,Paper Mill Operations Director,Prospect - Ready for Outreach
Delta Galil Industries,Textiles & Technical Fabrics,"Global manufacturer and marketer of seamless apparel, intimate wear, and technical textiles headquartered in Caesarea.",GOTS-ICEA Certified Textile Auxiliaries,"Eco-certified silicone softeners, hydrophobic fabric treatments, and feel-modifying finishes.",35,200000,Tier 1 - High Volume,Textile Finishing R&D,Director of Textile Finishing,Prospect - Ready for Outreach
Tefron Ltd.,Textiles & Technical Fabrics,"Israeli pioneer in high-tech seamless activewear, tactical gear, and medical textiles based in Misgav.",Specialty Softeners & FISIOREX 1000,Plant-based biodegradable softeners and functional moisture-management silicone finishes.,35,200000,Tier 1 - High Volume,Textile Finishing R&D,Director of Textile Finishing,Prospect - Ready for Outreach
Bazan Group (Oil Refineries Ltd.),"Oil, Gas & Hydrocarbons","Israel's largest oil refining and petrochemical complex located in Haifa Bay, producing fuels, polymers, and aromatics.",High-Temp Defoamers & Demulsifiers,"Silicone process antifoams for refining towers, coking units, and oil-water separation demulsifiers.",60,420000,Tier 1 - Strategic Account,Refinery Process Operations,Refinery Chemical Lead,Prospect - Ready for Outreach
