Intake_ID,Account_Name,Industry_Sector,Manufacturing_Location,Primary_Technical_Contact,Target_End_Product_Application,Operating_pH_Range,Carrier_System_Matrix,Key_Performance_Needed,Incumbent_Supplier,Incumbent_SKU_Grade,Reason_for_Alternative,D4_D5_Free_Required,FDA_Food_Contact_Required,Kosher_Certified_Required,Recommended_Silitex_SKU,Sample_Requested_Size,Est_Annual_Volume_Tons,Preferred_Packaging,Delivery_Terms,CRM_Pipeline_Stage,Assigned_Sales_Rep
INT-2026-001,Adama Agricultural Solutions Ltd.,Agrochemicals & Crop Protection,Neot Hovav Industrial Zone,Dr. Eli Cohen (VP R&D),Organosilicone spray tank adjuvant for herbicides,pH 4.5 - 8.5,Water-soluble liquid concentrate,Super-spreading (<22 mN/m) & Rainfastness,Momentive / Evonik,Silwet L-77 / TEGO Wet 500,Cost reduction & REACH D4/D5 compliance,Yes (Strict EU REACH <0.1%),No,Preferred,Silitex Ag-Super Spreader PE 193 / FISIOREX 1000,2 kg Lab Sample,60,1000L IBC Totes,Direct Drop Shipment per PO (DDP Neot Hovav),Stage 1: Intake & Sample Dispatch,Avshi Sapir (Sapirim)
INT-2026-002,Tambour Ltd.,"Paints, Coatings & Varnishes",Akko Paint Plant & Gesher,Chief Paint Chemist,Hydrophobic additive for exterior acrylic paint,pH 8.0 - 10.5,Water-based acrylic emulsion,Water repellency & Anti-cratering,Dow Corning / Wacker,Dow Corning IE-6683 / Wacker Belsil,Cost optimization & European agility,Yes (Strict EU REACH <0.1%),No,No,Silitex Silatex D / Idrorepellenti,5 kg Paint Lab Sample,55,200kg Steel Drums / 1000L IBC Totes,Direct Drop Shipment per PO (DDP Akko),Stage 1: Intake & Sample Dispatch,Avshi Sapir (Sapirim)
INT-2026-003,Inrom Construction (Termokir),Water Repellents & Building Protection,Tirat Zvi & Ashkelon Plants,Chief Materials Engineer,Waterproofing additive for dry mortars & renders,pH 11.0 - 13.0,Dry powder / Water-dilutable additive,Deep masonry penetration & Water barrier,Wacker SILRES / Evonik TEGOPHOB,Wacker SILRES BS 1306 / TEGOPHOB,"Local support, pricing, & drop-ship reliability",Preferred for Eco-Renders,No,No,Silitex Idrorepellenti SH / 1300,2 kg Mortar Test Sample,65,1000L IBC Totes,Direct Drop Shipment per PO (DDP Tirat Zvi),Stage 1: Intake & Sample Dispatch,Avshi Sapir (Sapirim)
INT-2026-004,Sano Bruno Enterprises,Detergents & Household Care,Hod Hasharon Plant,Detergent R&D Director,Silicon defoaming emulsion for liquid laundry detergents,pH 6.5 - 9.0,Water-based silicone emulsion,Fast foam knock-down & long-term stability,Dow Corning / Momentive,Dow Corning Antifoam A / SAG 10,Cost reduction & fast local response,Yes,No,No,BERETEX 750 / ANTISCHIUMA 3,1 kg Detergent Lab Sample,55,200kg Steel Drums,Direct Drop Shipment per PO (DDP Hod Hasharon),Stage 1: Intake & Sample Dispatch,Avshi Sapir (Sapirim)
INT-2026-005,Mekorot National Water Co.,Water Treatment & Purification,Eshkol & Central Filtration Plants,Chief Water Quality Engineer,Foam control in municipal wastewater aeration basins,pH 6.0 - 8.5,Water-dispersible simethicone emulsion,High aquatic safety & persistent defoaming,Dow Corning / Wacker SILFOAM,Dow Corning 1520 / SILFOAM,High performance & Kosher/FDA compliance,Yes,Yes (FDA 21 CFR),Yes (Kosher Certified),Silitex SILIFOOD 1600 / Depurazione,2 kg Water Defoamer Sample,50,1000L IBC Totes,Direct Drop Shipment per PO (DDP Site),Stage 1: Intake & Sample Dispatch,Avshi Sapir (Sapirim)
INT-2026-006,Infinya (Hadera Paper),"Paper, Pulp & Packaging",Hadera Paper Mill Facility,Paper Mill Operations Director,FDA-approved process defoamer for paper pulp recycling,pH 5.5 - 9.5,100% active self-emulsifying fluid,Pulp slurry deaeration & zero paper spots,Dow Corning / Nalco Water,Dow Corning Antifoam A FDA / DC 1520,Lower cost-in-use & FDA compliance,Yes,Yes (FDA 21 CFR),No,Silitex CPL 2907 (100% Active FDA),5 kg Pulp Trial Sample,80,1000L IBC Totes,Direct Drop Shipment per PO (DDP Hadera),Stage 1: Intake & Sample Dispatch,Avshi Sapir (Sapirim)
INT-2026-007,Delta Galil Industries,Textiles & Technical Fabrics,Caesarea Textile Plant,Director of Textile Finishing,Eco-certified soft hand-feel finish for seamless activewear,pH 5.0 - 7.0,Amino silicone microemulsion,"Velvet softness, wash durability & moisture wicking",Evonik TEGO / Clariant,TEGO Soft / Clariant Siligen,GOTS-ICEA Organic certification & softness,Yes (D4/D5-Free),No,No,GOTS-ICEA Certified MICROAMISIL / STONIX,2 kg Fabric Finishing Sample,35,200kg Steel Drums,Direct Drop Shipment per PO (DDP Caesarea),Stage 1: Intake & Sample Dispatch,Avshi Sapir (Sapirim)
INT-2026-008,Keter Plastic Ltd.,Plastics & Rubber Processing,Yokneam & Carmiel Plants,Polymer Tooling & R&D Lead,High-efficiency mold release agent for injection molding,pH 6.0 - 8.0,35% active PDMS water emulsion,Easy mold release & zero staining on resin,Dow Corning / Wacker,Dow Corning 36 Emulsion / Wacker E35,Cost reduction & reliable drop-ship supply,Preferred,No,No,Silitex EVERSIL 35 / EVERSIL 60,2 kg Release Agent Sample,40,200kg Drums / 1000L IBC Totes,Direct Drop Shipment per PO (DDP Yokneam),Stage 1: Intake & Sample Dispatch,Avshi Sapir (Sapirim)
INT-2026-009,Iscar Ltd. (IMC Group),Metalworking & Machining,Tefen Industrial Park Facility,Chemical Coolants R&D Lead,Silicone defoamer for synthetic metalworking coolants,pH 8.5 - 11.0,Alkaline-stable silicone emulsion,Shear stability & high pH durability,Dow Corning / Momentive,Dow Corning Antifoam A / SAG 30,Alkaline stability & localized technical support,Yes,No,No,Silitex Lavorazione Metalli / REOGUM 500,2 kg Coolant Defoamer Sample,30,200kg Steel Drums,Direct Drop Shipment per PO (DDP Tefen),Stage 1: Intake & Sample Dispatch,Avshi Sapir (Sapirim)
INT-2026-010,Bazan Group (Oil Refineries),"Oil, Gas & Petrochemicals",Haifa Bay Refinery Complex,Refinery Chemical Lead,High-temperature defoamer for delayed coking & gas scrubbing,High Temp (>200°C),High-viscosity silicone fluid blend,Thermal stability & foam suppression in heavy oils,Dow Corning / Baker Hughes,Dow Corning FS 1265 / XIAMETER,Cost optimization & direct factory shipment,Yes,No,No,Silitex High-Temp Refinery Defoamer,5 kg Refinery Sample,60,1000L IBC Totes,Direct Drop Shipment per PO (DDP Haifa Bay),Stage 1: Intake & Sample Dispatch,Avshi Sapir (Sapirim)
