id,product_name,brand_family,category_sector,application_field,appearance,active_content_pct,active_matter_type,viscosity,ionicity,ph_range,dilution_solubility,key_features,food_grade_certifications,inci_chemical_name,dow_corning_dupont_xiameter_offset_benchmark
SIL-ANT-001,ANTISCHIUMA 3,ANTISCHIUMA,Silicone Antifoams & Defoamers,"Food Contact, Water Treatment, Agrochemicals, General Industry",White Liquid Emulsion,10% - 30%,Simethicone / Dimethicone & Silica Compound,Medium (300 - 800 cSt),Non-ionic,6.0 - 8.0,Water Dilutable,FDA / BFR / BGA / EPA approved; Fast foam knock-down; Excellent water stability,"FDA 21 CFR, BFR, EPA, Italian Food Laws",Simethicone / Water (and) Dimethicone (and) Silica,Dow Corning / DuPont / XIAMETER Antifoam A / XIAMETER AFE-1520 / Wacker SILFOAM SE 2
SIL-ANT-002,BERETEX 350,BERETEX,Silicone Antifoams & Defoamers,"Process Water, Industrial Cleaning, Agrochemical Spray Tanks",Milky White Liquid,35%,Polydimethylsiloxane (PDMS) Emulsion,Medium (400 - 900 cSt),Non-ionic,6.5 - 7.5,Water Dilutable,Ready to use or pre-dilutable; Steady bubble suppression; High cost efficiency,Industrial Grade,Dimethicone Water Emulsion,Dow Corning / DuPont / XIAMETER AFE-0350 / Momentive SAG 30
SIL-ANT-003,BERETEX 500,BERETEX,Silicone Antifoams & Defoamers,"Chemical Processing, Wastewater Treatment, Industrial Cleaning",Milky White Liquid,50%,Silicone Fluid Emulsion,Medium-High (800 - 1500 cSt),Non-ionic,6.0 - 8.0,Water Dilutable,Concentrated emulsion; Excellent stability upon high water dilution,Industrial Grade,Dimethicone Water Emulsion,Dow Corning / DuPont / XIAMETER 1520 / Wacker SILFOAM SE 4
SIL-ANT-004,BERETEX 750,BERETEX,Silicone Antifoams & Defoamers,"High-Efficiency Defoaming, Concentrated Formulations, Effluent Treatment",Dense White Emulsion,75%,Concentrated Silicone Emulsion,High (1500 - 3000 cSt),Non-ionic,6.0 - 8.0,Water Dilutable,High payload active concentration; Low dosage requirements; Long shelf life,Industrial Grade,Dimethicone Water Emulsion,Momentive SAG 100 / Evonik TEGO Antifoam
SIL-ANT-005,BERETEX 1000,BERETEX,Silicone Antifoams & Defoamers,"Wastewater Aeration Basins, Detergents, Industrial Effluent",Fine White Emulsion,100% Active Compound Basis,Silicone Antifoam Compound Emulsion,Medium (500 - 1000 cSt),Non-ionic,6.0 - 8.0,Water Dilutable,Quick and lasting efficiency; Fine particle size; High sheer resistance,Industrial Grade,Simethicone Water Emulsion,XIAMETER AFE-1000 / Dow Corning / DuPont / XIAMETER Antifoam 1410
SIL-ANT-006,BERETEX 1000 AD,BERETEX,Silicone Antifoams & Defoamers,"Automated Dosing Systems, Liquid Detergents, Chemical Washing",Fluid White Emulsion,Concentrated Active,Low-Viscosity Silicone Emulsion,Low (100 - 300 cSt),Non-ionic,6.5 - 7.5,Water Dilutable,Low viscosity for easy pumping & automated dosing; Instant knockdown,Industrial Grade,Dimethicone Water Emulsion,Momentive SAG 1571 / Wacker SILFOAM SE 3
SIL-ANT-007,BERETEX 1600,BERETEX,Silicone Antifoams & Defoamers,"Pulp & Paper, Textile Processing, Heavy Industrial Washing",Viscous White Emulsion,High Concentration,Silicone Polymer Emulsion,Medium-High (1000 - 2000 cSt),Non-ionic,6.0 - 8.0,Water Dilutable,High thermal and mechanical stability; Persistent foam prevention,Industrial Grade,Dimethicone Water Emulsion,Dow Corning / DuPont / XIAMETER 1520 / Elkem Mirasil AD
SIL-ANT-008,DYNAPAN 10 D,DYNAPAN,Silicone Antifoams & Defoamers,"Water-based Industrial Systems, General Defoaming",White Liquid Emulsion,10%,Silicone Active Matter,Low-Medium (200 - 500 cSt),Non-ionic,6.0 - 8.0,Water Dilutable,Economical entry-level defoamer; Good dispersion in aqueous systems,Industrial Grade,Dimethicone Emulsion,Dow Corning / DuPont / XIAMETER Antifoam 1400 / Wacker SE 1
SIL-ANT-009,DYNAPAN 16 D,DYNAPAN,Silicone Antifoams & Defoamers,"Water-based Paints, Adhesives, Cleaning Formulations",White Liquid Emulsion,16%,Silicone Active Matter,Medium (300 - 600 cSt),Non-ionic,6.0 - 8.0,Water Dilutable,Fast acting and long-lasting; Prevents surface cratering in paints,Industrial Grade,Dimethicone Emulsion,Dow Corning / DuPont / XIAMETER AFE-1430 / Momentive SAG 16
SIL-ANT-010,DYNAPAN 16 F,DYNAPAN,Silicone Antifoams & Defoamers,"Food Processing, Beverage Bottling, Fertigation Systems",White Fluid Emulsion,16%,Food-Grade Simethicone Emulsion,Low-Medium (250 - 500 cSt),Non-ionic,6.0 - 8.0,Water Dilutable,Food contact compliant; Easy pumpability; High purity formulation,"FDA 21 CFR, BFR, EPA Approved",Simethicone Emulsion E900,Dow Corning / DuPont / XIAMETER 1510 US / Wacker SILFOAM SE 21
SIL-ANT-011,DYNAPAN 30 D,DYNAPAN,Silicone Antifoams & Defoamers,"Hydrocarbon Washing, Industrial Effluent, High-Solids Slurries",Dense White Emulsion,30%,Concentrated Silicone Active,Medium (500 - 1000 cSt),Non-ionic,6.0 - 8.5,Water Dilutable,High concentration of active substances; Suitable for hydrocarbon mixtures,Industrial Grade,Dimethicone Emulsion,Dow Corning / DuPont / XIAMETER 1520 / Momentive SAG 30
SIL-ANT-012,DYNAPAN 30 F,DYNAPAN,Silicone Antifoams & Defoamers,"Food & Beverage, Agrochemical Formulations, Sugar Refining",Dense White Emulsion,30%,Food-Grade Simethicone Emulsion,Medium (400 - 800 cSt),Non-ionic,6.0 - 8.0,Water Dilutable,FDA / BFR / EPA approved; High active content for food processing,"FDA 21 CFR, BFR, EPA Approved",Simethicone Emulsion E900,Dow Corning / DuPont / XIAMETER 1520 Food Grade / Wacker SE 30
SIL-ANT-013,DYNAPAN 360 F,DYNAPAN,Silicone Antifoams & Defoamers,"Complex Anionic & Cationic Chemical Formulations, Textile Auxiliaries",High-Density White Emulsion,60%,High-Performance Silicone Polymer,High (1500 - 2500 cSt),Non-ionic / Universal Compatibility,5.5 - 8.5,Water Dilutable,Excellent stability in ionic (cationic/anionic) media; Heavy duty performance,Industrial Grade,Dimethicone Water Emulsion,Dow Corning / DuPont / XIAMETER 36 Emulsion / Momentive SAG 60
SIL-ANT-014,DYNAWEED MS 4,DYNAWEED,Silicone Antifoams & Defoamers,"High-Temperature Jet Dyeing, Alkaline CIP, Agrochemical Spray Tanks",Clear to Amber Liquid Compound,100%,Polyether-Silicone Compound,Medium (300 - 700 cSt),Non-ionic,2.0 - 12.0 (pH Resistant),Self-Emulsifying / Water Dispersible,100% active anhydrous fluid; High resistance to persistent foam & alkaline pH,Industrial Grade,PEG/PPG-18/18 Dimethicone Compound,Dow Corning / DuPont / XIAMETER 193 / Momentive SAG 471
SIL-ANT-015,DYNAWEED 200 E,DYNAWEED,Silicone Antifoams & Defoamers,"High-Temperature Jet Dyeing, Textile Wet Processing",White Liquid Emulsion,Medium Active,Polyether-Silicone Emulsion,Medium (400 - 800 cSt),Non-ionic,3.0 - 11.0,Water Dilutable,Resists severe thermal shocks (up to 130°C); Non-spotting in textile dyeing,Industrial Grade,PEG/PPG-18/18 Dimethicone Emulsion,Wacker SILFOAM SE 39 / Evonik TEGO Antifoam
SIL-ANT-016,DYNAWEED 260 E,DYNAWEED,Silicone Antifoams & Defoamers,"Acidic / Alkaline Chemical Baths, Textile Bleaching, Metal Cleaning",Milky Liquid Emulsion,Concentrated Active,Modified Polyether-Silicone Emulsion,Medium (500 - 900 cSt),Non-ionic,1.0 - 13.0 (Extreme pH),Water Dilutable,Broad pH tolerance (acidic to alkaline); High temperature shear stability,Industrial Grade,Polyether Modified Polydimethylsiloxane,Momentive SAG 220 / Wacker SILFOAM SD
SIL-ANT-017,DYNAKOS 130 E,DYNAKOS,Silicone Antifoams & Defoamers,"Extreme Alkaline Cleaners, Pulp Bleaching, pH 14 Caustic Systems",White Liquid Emulsion,30%,Caustic-Stable Silicone Emulsion,Medium (400 - 800 cSt),Non-ionic,1.0 - 14.0 (Extreme Caustic),Water Dilutable,Maintains defoaming power at pH 14; Exceptional chemical resistance,Industrial Grade,Modified Dimethicone Emulsion,Momentive SAG 30 / Dow Corning / DuPont / XIAMETER 1520 Caustic Grade
SIL-ANT-018,STHOR 1000,STHOR,Silicone Antifoams & Defoamers,"Industrial Mineral Slurry, Wastewater Sludge, Mining & Drilling",Opaque Viscous Compound,100%,Anhydrous Silicone Compound,High (2000 - 5000 cSt),Non-ionic,4.0 - 10.0,Insoluble in Water / Solvent Dispersible,100% active compound; High breaking force for thick mineral slurries,Industrial Grade,Dimethicone (and) Silica Compound,Dow Corning / DuPont / XIAMETER Antifoam Compound / Wacker SC 1000
BIO-ANT-001,FISIOREX 1000,FISIOREX,Vegetal & Bio-Based Antifoams,"Eco-Detergents, Green Paints, Organic Agrochemicals, Waterborne Coatings",Amber Liquid,100% Vegetable Derived,Vegetable Fatty Acid Ester Compound,Low-Medium (150 - 400 cSt),Non-ionic,5.5 - 8.0,Self-Emulsifying / Water Dispersible,100% plant-based; 100% biodegradable; Zero synthetic chemicals; Eco-Label suitable,100% Plant-Based Eco-Label Compliant,Vegetable Fatty Acid Esters (Bio-Based),Inolex Lexfeel Natural / SEPPIC Green Antifoam
BIO-ANT-002,CPL 350 / CPL 350 ET,CPL,Vegetal & Bio-Based Antifoams,"Bio-Fermentation, Commercial Yeast Manufacturing, Food Processing",Clear Amber Anhydrous Fluid,100%,100% Vegetal Anhydrous Compound,Low (100 - 250 cSt),Non-ionic,4.0 - 8.5,Self-Emulsifying in Fermentation Broth,KOSHER Certified; 100% vegetal origin; Non-inhibitory to yeast growth,"KOSHER Certified, FDA Food Contact Approved",Vegetal Fatty Acid Triglyceride Compound,Trans-Chem Food Defoamer / Birko Bio-Antifoam
BIO-ANT-003,SILIFOOD 1600,SILIFOOD,Food Grade & Kosher Antifoams,"Food & Beverage Processing, Sugar Refining, Fruit Washing, Bottling",Milky White Fluid Emulsion,16%,Food-Grade Simethicone E900,Low-Medium (200 - 500 cSt),Non-ionic,5.5 - 7.5,Water Dilutable,Kosher certified; FDA E900 food additive compliant; Immediate foam knockdown,"KOSHER Certified, FDA 21 CFR 173.340, E900 Approved",Simethicone Emulsion (E900 Food Grade),Dow Corning / DuPont / XIAMETER 1510 Food Grade / XIAMETER AFE-1510
BIO-ANT-004,SILIFOOD 3000 K,SILIFOOD,Food Grade & Kosher Antifoams,"Commercial Food Production, Beverage Canning, Vegetable Washing",Milky White Dense Emulsion,30%,Food-Grade Simethicone E900,Medium (400 - 800 cSt),Non-ionic,5.5 - 7.5,Water Dilutable,Official KOSHER certified; High active content; Conforms to EU E900 & FDA regulations,"KOSHER Certified, FDA 21 CFR, EU E900 Approved",Simethicone Emulsion (E900 Food Grade),Dow Corning / DuPont / XIAMETER 1520 Food Grade / Wacker SILFOAM SE 33
BIO-SOFT-001,EVEROIL 35 / EVERIX 35,EVEROIL,Vegetal & Bio-Based Softeners,"Eco-Label Textiles, Sustainable Paper Tissue, Natural Cosmetics",Milky Liquid Emulsion,35%,Vegetal Emollient & Softener Complex,Medium (300 - 600 cSt),Cationic / Non-ionic,5.0 - 7.0,Water Dilutable,100% plant-based emollients; Ideal for EU Eco-Label products; Soft silky feel,"EU Eco-Label Compliant, Biodegradable",Vegetable Emollient Emulsion,Croda Cropure Bio-Emollient / SEPPIC Eco-Finish
EMU-PDMS-001,EVERSIL 35,EVERSIL,PDMS Silicone Emulsions,"Mold Release, Anti-static Paper Finishing, Textile Softener, Auto Polish",Milky White Liquid,35%,Polydimethylsiloxane (PDMS) 350 cSt,Low-Medium (150 - 350 cSt),Non-ionic,6.0 - 7.5,Water Dilutable,"High shining, protective, and water repellent features; Excellent mold release",Industrial Grade,Dimethicone (and) Laureth-4 (and) Laureth-23,Dow Corning / DuPont / XIAMETER 36 Emulsion / XIAMETER MEM-0036 / Wacker E 10
EMU-PDMS-002,EVERSIL 60,EVERSIL,PDMS Silicone Emulsions,"Concentrated Mold Release, Rubber & Plastics, Industrial Lubricant",Milky White Fluid,60%,Polydimethylsiloxane (PDMS) Medium Chain,Medium (300 - 600 cSt),Non-ionic,6.0 - 7.5,Water Dilutable,Concentrated formulation; High dilution ratio; Superior sliding effect,Industrial Grade,Dimethicone Water Emulsion (60%),Dow Corning / DuPont / XIAMETER 60 Emulsion / XIAMETER MEM-0060
EMU-PDMS-003,EVERSIL 3500,EVERSIL,PDMS Silicone Emulsions,"Heavy Duty Release, High-Gloss Polishes, Technical Textile Finishing",Milky Viscous Fluid,35%,High Viscosity PDMS (3500 cSt),High (1200 - 2000 cSt),Non-ionic,6.0 - 7.5,Water Dilutable,"Very high slippery, anti-static, and softening effect; Durable protective film",Industrial Grade,Dimethicone Water Emulsion (High Viscosity),Momentive SM 2163 / Wacker MEM 35
SOFT-AM-001,MACROAMISIL (E1386),MACROAMISIL,Silicone Softeners & Microemulsions,"Eco-Friendly Textiles, Garment Finishing, Non-Cyclic Softeners",Milky White Liquid,30%,Amino-Functional Silicone Polymer (D4/D5-Free),Medium (200 - 500 cSt),Weakly Cationic,5.0 - 6.5,Water Dilutable,100% cyclic-free (D4/D5-free); Gives silky and velvet hand feel; Hydrophobic,"GOTS-ICEA Organic Approved, REACH Compliant",Amodimethicone Water Emulsion,Dow Corning / DuPont / XIAMETER 2-8566 / XIAMETER MEM-0863 / Clariant Siligen
SOFT-AM-002,MICROAMISIL (41 / C / E1352),MICROAMISIL,Silicone Softeners & Microemulsions,"Durable Water Repellent Textiles, High-Gloss Fabric Finishing",Translucent to Clear Microemulsion,20% - 30%,Reactive Amino Silicone Microemulsion,Low (50 - 200 cSt),Cationic,4.5 - 6.0,Water Soluble / Clear Microemulsion,Ultra-fine particle size; Excellent wash-fastness; Durable water repellency & shine,GOTS-ICEA Organic Approved,Amodimethicone / Morpholinomethyl Silsesquioxane,Wacker BELSIL ADM 6057 / Momentive SF 1708
SOFT-AM-003,NANOAMISIL HR,NANOAMISIL,Silicone Softeners & Microemulsions,"Deep-Penetrating Premium Textiles, Technical Yarns, Microfiber",Water-Clear Nanoemulsion,25%,Amino Silicone Nanoemulsion (<30nm),Low (20 - 100 cSt),Cationic,4.5 - 6.0,Water Soluble,Deep fiber penetration; Imparts exceptional softness without yellowing,REACH Compliant,Aminopropyl Dimethicone Nanoemulsion,Evonik ABIL Quat 3272 / Elkem Mirasil ADM 403
SOFT-AM-004,STONIX 5000 / 6000,STONIX,Silicone Softeners & Microemulsions,"Apparel Textiles, Tissue Paper, Premium Non-wovens",Clear to Opal Microemulsion,20% - 30%,Amino-Silicone Microemulsion,Low (50 - 150 cSt),Cationic,5.0 - 6.5,Water Soluble,"Extremely soft, delicate, and pleasant touch effects; Shear stable",REACH Compliant,Amodimethicone Microemulsion,BRB 1202 / Siltech E-2145
SOFT-AM-005,IDROAMISIL / IDROAMISIL 1000,IDROAMISIL,Silicone Softeners & Microemulsions,"Bath Towels, Moisture-Wicking Activewear, Hydrophilic Fabrics",Clear Microemulsion / Anhydrous Fluid,30% - 100%,Hydrophilic Modified Silicone,Low-Medium (100 - 400 cSt),Non-ionic / Weak Cationic,5.5 - 7.0,Water Soluble,Confers strong hydrophilic rewetting effect; Soft hand feel without water repellency,REACH Compliant,PEG-12 Dimethicone / Amino Polyether Silicone,Dow Corning / DuPont / XIAMETER 193 / XIAMETER OFX-0193
SOFT-AM-006,AMINOQUAT 250 / 350 / 1000,AMINOQUAT,Silicone Softeners & Microemulsions,"Bath Towels, Laundry Softeners, High Wash-Fastness Textiles",Clear Microemulsion / Anhydrous Quat,35% - 100%,Quaternary Silicone Polymer,Low-Medium (100 - 500 cSt),Strong Cationic,4.0 - 6.0,Water Soluble,High softening & wash-resistant effect; Superior rewetting for terry towels,REACH Compliant,Silicone Quaternium-22 / Quaternium-80,Evonik ABIL Quat 3474 / BRB 544
SOFT-AM-007,VOLUMEX / VOLUSOFT,VOLUMEX,Silicone Softeners & Microemulsions,"Paper Pulp Fibers, Tissue Paper, Cellulose Softening",Translucent Nano-dispersion,20%,Water-based Silicone Nano-dispersion,Low (20 - 80 cSt),Cationic,5.0 - 6.5,Water Soluble,Strong bulking and softening effect on paper fibers; Increases tissue absorbency,BfR XXXVI Paper Contact Compliant,Silicone Nano-Dispersion for Paper,Buckman Paper Softener / Solenis Softener
BLD-HYD-001,Silitex Idrorepellenti Silane-Siloxane,IDROREPELLENTI,Water Repellents & Building Protection,"Masonry Waterproofing, Precast Concrete, Dry Mortars, Stone Protection",Milky Liquid Microemulsion,50%,Triethoxycaprylylsilane / Silane-Siloxane Blend,Low (10 - 50 cSt),Anionic / Non-ionic,7.0 - 8.5,Water Thinnable,Deep substrate penetration; High alkali resistance; Prevents efflorescence,Industrial Grade / EN 1504-2 Building Compliant,Triethoxycaprylylsilane / Silane-Siloxane Microemulsion,Wacker SILRES BS 1701 / Dow Corning / DuPont / XIAMETER IE-6683 / Evonik TEGOPHOB
BLD-HYD-002,Silitex Volatile D5 Fluid / CM 040,SILITEX FLUIDS,Water Repellents & Building Protection,"Water Repellent Carrier, Dry Mortar Additives, Cosmetic Formulations",Clear Water-White Fluid,100%,Cyclopentasiloxane (D5),Ultra-Low (4.0 cSt),Non-ionic / Anhydrous,N/A (Anhydrous),Insoluble in Water / Solvent Miscible,Volatile siloxane carrier; Zero residue upon evaporation; High spreading,Cosmetic & Industrial Grade,Cyclopentasiloxane,Dow Corning / DuPont / XIAMETER PMX-0245 / Shin-Etsu KF-995 / Wacker-Belsil CM 040
SP-WAX-001,CARNAUBEX (C / 442),CARNAUBEX,Specialty Wax Emulsions & Lubricants,"Paper Sizing, Leather Finishing, Floor & Furniture Polishes",Yellowish Emulsion,25% - 30%,Carnauba Wax Water Emulsion,Low-Medium (100 - 400 cSt),Cationic / Non-ionic,5.5 - 7.5,Water Dilutable,"Natural Carnauba wax dispersion; Provides high gloss, anti-slip & scratch resistance",FDA Indirect Food Contact Compliant,Carnauba Wax Emulsion (Copernicia Cerifera),Michelman Carnauba Emulsion / Keim Additec Wax
SP-WAX-002,IDROCER (SH / 1300),IDROCER,Specialty Wax Emulsions & Lubricants,"Clear Protective Coatings, Printing Inks, Flexible Packaging",Translucent Nanoemulsion,30%,Polyethylene Wax Microemulsion,Low (20 - 80 cSt),Non-ionic,7.0 - 9.0,Water Soluble,Forms transparent scratch-resistant films; Improves slip and abrasion resistance,BfR / FDA Food Packaging Approved,Polyethylene Wax Microemulsion,BYK Aquacer / Michelman Lube
SP-WAX-003,POLYEMUL (TS / 800/38),POLYEMUL,Specialty Wax Emulsions & Lubricants,"Cardboard Waterproofing, Paper Coating, Masonry Sealing",Milky White Emulsion,38% - 40%,Paraffin Wax Water Emulsion,Medium (200 - 500 cSt),Anionic / Non-ionic,7.5 - 9.0,Water Dilutable,High water barrier performance; Prevents moisture absorption in paperboard,FDA Packaging Compliant,Paraffin Wax Water Emulsion,Sasol Wax Emulsion / Repal Wax
SP-WAX-004,WASPER D,WASPER,Specialty Wax Emulsions & Lubricants,"Wood Furniture Polish, Natural Leather Care, Floor Wax",Creamy Yellow Emulsion,25%,Natural Beeswax Water Emulsion,Medium (300 - 700 cSt),Non-ionic,6.0 - 7.5,Water Dilutable,Natural beeswax nourishment for wood & leather; Rich natural shine,Natural Cosmetics / Natural Polish Grade,Beeswax Water Emulsion (Cera Alba),Croda Natural Wax / Koster Keunen Beeswax
SP-LUB-001,BEAUTY CAR / BEAUTY CAR CONCENTRATO,BEAUTY CAR,Specialty Wax Emulsions & Lubricants,"Automotive Body Polish, Tire Renovation, Hydrophobic Surface Care",Opalescent Liquid Emulsion,35% - 60%,Modified Silicone Emulsion Blend,Medium (200 - 600 cSt),Non-ionic,6.0 - 7.5,Water Dilutable,High shine and color depth; Strong water beading effect; Long-lasting protection,Automotive Care Grade,Modified Dimethicone Water Emulsion,Dow Corning / DuPont / XIAMETER Auto Polish Emulsion / Wacker CM 040 Blend
SP-LUB-002,LUBROFIL 4500,LUBROFIL,Specialty Wax Emulsions & Lubricants,"Sewing Thread Lubrication, High-Speed Yarns, Textile Stitching",Milky Liquid Emulsion,35%,Silicone Wax Emulsion Blend,Low-Medium (100 - 300 cSt),Non-ionic,6.0 - 7.5,Water Dilutable,Reduces needle friction & thread breakage at high sewing speeds; Uniform pick-up,REACH Compliant,Dimethicone (and) Paraffin Wax Emulsion,Dow Corning / DuPont / XIAMETER Thread Lubricant / Wacker E 10 Wax
SP-LUB-003,REOGUM 500,REOGUM,Specialty Wax Emulsions & Lubricants,"Electronics Assembly, Rubber Gasket Installation, Hose Assembly",Translucent Lubricant Emulsion,40%,Specialized Silicone Fluid Lubricant,Medium (500 - 1000 cSt),Non-ionic,6.5 - 7.5,Water Dilutable,Prevents rubber gasket tearing during assembly; Zero interaction with electronic parts,Electronics Grade,Silicone Assembly Lubricant,Dow Corning / DuPont / XIAMETER 555 Fluid / Wacker Assembly Lube
SP-PLT-001,EVALAR 55 / 55 HP / 55 HT,EVALAR,Specialty Mold Release & Paintables,"Over-paintable Mold Release, High-Temperature Rubber & Plastics Molding",Milky Liquid Emulsion,35% - 50%,Alkyl-Aryl Modified Silicone Fluid,Medium (300 - 800 cSt),Non-ionic,6.0 - 7.5,Water Dilutable,"Allows subsequent painting, bonding, or silk-screen printing without cleaning; High temp resistant",Industrial Mold Release Grade,Alkylaryl Polysiloxane Emulsion,Dow Corning / DuPont / XIAMETER 203 Fluid / Momentive SM 2138 / Wacker E 10
SP-PLT-002,PROMET 400 / DISTAC 200,PROMET,Specialty Mold Release & Paintables,"Silicone-Free Mold Release, Plastic Welding Detaching, Paintable Rubber",Opal Aqueous Dispersion,30%,Silicone-Free Synthetic Polymer Dispersion,Low-Medium (100 - 300 cSt),Non-ionic,6.5 - 8.0,Water Dispersible,100% silicone-free; 100% over-paintable; Excellent detaching agent for welding & molding,Industrial Grade,Aqueous Polymer Dispersion (Silicone Free),Münch Non-Silicone Release / Chem-Trend Non-Silicone
