Data_Category,Field_Name_EN,Field_Name_IT,Field_Name_HE,Requirement_Level,Silitex_Default_or_Value,Forwarder_Customs_Purpose,Detailed_Instructions_and_Notes
1. Exporter & Shipper Info,Exporter Legal Name,Ragione Sociale Esportatore,שם היצואן באיטליה,Mandatory,Silitex S.r.l.,"Commercial Invoice, B/L, AWB, EUR.1, Export Customs Declaration (A2)",Registered Italian manufacturing company name.
1. Exporter & Shipper Info,Exporter Full Address,Indirizzo Completo Esportatore,כתובת היצואן,Mandatory,"Via dell'Industria, Cologna Veneta (VR), Italy",All shipping documents & customs declarations,Must match Italian Chamber of Commerce (Camera di Commercio) records.
1. Exporter & Shipper Info,Italian VAT & EORI Number,Partita IVA ed EORI Esportatore,"מספר EORI / מע""מ באיטליה",Mandatory,IT (Silitex Italian EORI/P.IVA),"EU Export Customs (AES / CAD), EUR.1 Certificate",Essential for EU export customs clearance in Venice/Genoa/Trieste or Milan Airport.
1. Exporter & Shipper Info,Exporter Contact Person & Direct Phone/Email,"Contatto Esportatore, Tel & Email",איש קשר וטלפון באיטליה,Mandatory,Logistics & Export Dept / Dr. Federica Biti,"Forwarder Booking, Dangerous Goods Emergency Contact",Direct contact for pick-up scheduling and DG emergency response.
2. Consignee & Importer Info,Consignee / Importer Legal Name,Ragione Sociale Importatore,שם היבואן בישראל,Mandatory,Sapirim / Target Israeli Client Company,"Master B/L, House B/L, AWB, Israeli Customs Declaration",Must strictly match the registered business name at Israeli Customs.
2. Consignee & Importer Info,Israeli Tax ID / Corporate Reg No (Het-Phet),Codice Fiscale / Partita IVA Importatore Israele,מספר ח.פ. / עוסק מורשה,Mandatory,9-digit Israeli Corporate Tax ID (51xxxxxxx),Israeli Customs Entry Declaration & Ministry Permits,Mandatory for Israeli Customs clearance and VAT tax link.
2. Consignee & Importer Info,Consignee Full Address & Delivery Plant,Indirizzo Completo Importatore / Stabilimento,כתובת המפעל למסירה בישראל,Mandatory,"Client Industrial Facility Address, Israel","Delivery Order, B/L Destination, Transport Waybill",Specify exact receiving bay or chemical storage warehouse address in Israel.
2. Consignee & Importer Info,Importer Chemical License / Import Registration,Licenza Importazione Sostanze Chimiche,היתר רעלים / רישיון יבוא כימיקלים,Mandatory (Chemicals),Poisons Permit (היתר רעלים) / Ministry Env Protection Registration,Israeli Customs Release & Ministry clearance,Israeli importer must hold valid Toxins Permit if product falls under Dangerous Substances Law.
3. Transport & Routing,Transport Mode,Modalità di Trasporto,אופן ההובלה (ים / אוויר),Mandatory,Sea Freight (FCL/LCL) or Air Freight,Freight Booking & Carrier Selection,Sea Freight via Venice/Genoa/Trieste to Haifa/Ashdod; Air via MXP/VCE to TLV.
3. Transport & Routing,Incoterms 2020,Termini di Resa (Incoterms 2020),תנאי המכר (Incoterms),Mandatory,FCA Cologna Veneta / FOB Venice / CIF Haifa / DDP,"Commercial Invoice, Contract, Customs Valuation","Determines risk transfer, freight payment responsibilities, and customs valuation base."
3. Transport & Routing,Port / Airport of Loading (POL),Porto / Aeroporto di Partenza,נמל טעינה באיטליה,Mandatory,Port of Venice / Genoa / Trieste (Sea) or Milan MXP (Air),"B/L, AWB, Export Declaration",Italian departure port where export customs formalities take place.
3. Transport & Routing,Port / Airport of Discharge (POD),Porto / Aeroporto di Destinazione,נמל פריקה בישראל,Mandatory,Haifa Port / Ashdod Port / Ben Gurion Airport (TLV),"B/L, AWB, Import Customs Filing",Primary Israeli entry points for chemical shipments.
4. Commercial & Trade Preference,Commercial Invoice Number & Date,Numero e Data Fattura Commerciale,מספר תעודת משלוח / חשבונית,Mandatory,INV-202X-XXXX / Date,All Customs Declarations & Freight Clearance,Primary legal document for trade valuation and tax assessment.
4. Commercial & Trade Preference,Harmonized System Code (HS Code),Codice Doganale / HS Code (Taric),קוד מכס (פרט מכס - HS),Mandatory,3910.00 (Silicones) / 3402.90 (Surfactants) / 3824.90 (Antifoams),Customs Tariff Classification & Duty Rates,6 to 8 digit HS Code for exact duty assessment in Israel.
4. Commercial & Trade Preference,Country of Origin,Paese di Origine,ארץ מקור (איטליה - האיחוד האירופי),Mandatory,Italy (European Union),Customs Duty Calculation & Trade Preference,EU preferential origin qualifies for 0% import duty under EU-Israel Free Trade Agreement.
4. Commercial & Trade Preference,Preferential Trade Certificate (EUR.1 / EUR-MED),Certificato di Circolazione EUR.1 / Dichiarazione su Fattura,תעודת מקור יורו-מד / EUR.1,Mandatory for 0% Duty,EUR.1 Certificate or Origin Declaration on Invoice (REX/Approved Exporter),Israeli Customs Duty Exemption,Allows 0% customs duty on EU-manufactured silicone chemicals entering Israel.
4. Commercial & Trade Preference,Currency & Total Valuation,Valuta e Valore Totale,מטבע ושער חשבונית (EUR / USD),Mandatory,EUR (€) or USD ($),Customs Valuation & Duty/VAT Assessment,"Must specify FOB value, Freight, and Insurance breakdown for CIF calculation."
5. Chemical Safety & DG (IMDG/IATA),Dangerous Goods Classification (DG / Non-DG),Classificazione Merci Pericolose (ADR/IMDG/IATA),"סיווג חומר מסוכן (חומ""ס)",Mandatory,Non-Dangerous (or DG Class 3/8/9 if applicable),Transport Booking & Dangerous Goods Declaration (DGD),Most silicone water emulsions are Non-Hazardous for transport; verify SDS §14.
5. Chemical Safety & DG (IMDG/IATA),UN Number,Numero UN,"מספר או""ם (UN Number)",Conditional (if DG),UN XXXX (or N/A - Non-Regulated),IMDG / IATA Dangerous Goods Declaration & Stowage,Required if product is classified as hazardous under ADR/IMDG/IATA.
5. Chemical Safety & DG (IMDG/IATA),Proper Shipping Name (PSN),Nome di Spedizione Appropriato,שם משלוח רשמי (PSN),Conditional (if DG),Chemical Proper Shipping Name (or Technical Name),Bill of Lading & DG Declaration,Official chemical transport name mandated by IMDG Code.
5. Chemical Safety & DG (IMDG/IATA),Hazard Class & Packing Group,Classe di Pericolo e Gruppo di Imballaggio,קבוצת אריזה ודרגת סיכון,Conditional (if DG),"Class X (e.g. Class 3/8/9), Packing Group I/II/III",Vessel Stowage & Container Placarding,Determines container isolation and vessel deck positioning.
5. Chemical Safety & DG (IMDG/IATA),Flash Point (°C),Punto di Infiammabilità (°C),נקודת הבלחה (°C),Mandatory for Liquids,> 100°C (Non-flammable) or Specific °C for Volatile Fluids,Carrier Safety Screening & Port Authority Approval,Crucial for carrier approval in Venice/Genoa and Haifa/Ashdod ports.
5. Chemical Safety & DG (IMDG/IATA),24/7 Emergency Response Telephone,Telefono di Emergenza 24/7,"טלפון חירום 24/7 למקרה אירוע חומ""ס",Mandatory,Silitex Emergency Phone (+39...) / CHEMTREC,Dangerous Goods Transport Documents & Port Safety,Required on all chemical shipping manifests and DGD forms.
6. Cargo & Packaging Specs,Packaging Type & Container Spec,Tipo di Imballaggio (Fusti/Cisterne/IBC),סוג אריזה (חביות / מכלים / IBC),Mandatory,25kg Canisters / 200kg Steel-HDPE Drums / 1000L IBC Totes,"Bill of Lading, Packing List, Warehousing",Specify UN-approved packaging if hazardous liquid.
6. Cargo & Packaging Specs,Number of Packages / Pallet Count,Numero di Colli / Numero Pallet,מספר אריזות / משטחים,Mandatory,X Drums / Y Euro-Pallets (120x80 cm) or ISO Pallets,Bill of Lading & Forwarder Booking,Pallet count and stacking capability.
6. Cargo & Packaging Specs,Wood Packaging Treatment (ISPM-15 Stamp),Trattamento Legno ISPM-15 (Marchio FAO),חיטוי משטחי עץ (תקן ISPM-15),Mandatory for Wood,ISPM-15 Heat Treated (HT) Stamped Pallets,Israeli Plant Protection Inspection (PPIS),Mandatory stamp on all wooden pallets entering Israel to clear agricultural phytosanitary controls.
6. Cargo & Packaging Specs,Total Net Weight (kg),Peso Netto Totale (kg),"משקל נטו כולל (ק""ג)",Mandatory,"e.g., 1,000 kg / 5,000 kg / 18,000 kg","Invoice, Packing List, B/L, Customs Duty Calculation",Exact active net product weight.
6. Cargo & Packaging Specs,Total Gross Weight (kg),Peso Lordo Totale (kg),"משקל ברוטו כולל (ק""ג)",Mandatory,"e.g., 1,060 kg / 5,300 kg / 19,200 kg",Carrier Weight Verification (VGM / SOLAS) & Freight Billing,Verified Gross Mass (VGM) required for sea freight SOLAS compliance.
6. Cargo & Packaging Specs,Volume (CBM) & Dimensions (L x W x H cm),Volume Totale (m³) e Dimensioni,"נפח מ""ק (CBM) וממדי המשטח",Mandatory,"e.g., 1.2 CBM / 6.0 CBM / 24.0 CBM",Freight Quotation & Container Utilization,Critical for air freight volumetric weight calculation.
7. Israeli Regulatory & Quality Docs,Safety Data Sheet (SDS / MSDS),Scheda di Sicurezza (SDS 16 Sezioni),גיליון בטיחות (SDS ב-16 סעיפים),Mandatory,16-Section GHS SDS in English (and Hebrew summary),"Israeli Customs, Ministry of Env Protection, Port Authority",Must be updated to GHS standards with emergency phone numbers.
7. Israeli Regulatory & Quality Docs,Certificate of Analysis (CoA),Certificato di Analisi (CoA di Lotto),תעודת אנליזה מגרסה (CoA),Mandatory per Batch,Silitex Quality Control Batch Certificate,Client QC Inspection & Israeli Customs Verification,"Must include Batch/Lot Number, Mfg Date, Expiry Date, Active %."
7. Israeli Regulatory & Quality Docs,Batch / Lot Number(s),Numero di Lotto di Produzione,מספר אצווה / לוט,Mandatory,Lot # XXXXXXX,"Traceability, CoA Matching, Customs Inspection",Must match physical labels on drums/IBCs.
7. Israeli Regulatory & Quality Docs,Kosher / FDA Certificate (for Food-Grade SKUs),Certificato Kosher / Approvazione FDA E900,תעודת כשרות / אישור FDA לשימוש במזון,Mandatory for Food/Agro,Kosher Badatz / FDA 21 CFR (E900) Compliance Cert,Food Industry Clients & Rabbinate Clearance in Israel,"Applies to SILIFOOD 1600/3000 K, CPL 350, and CPL 2907."
7. Israeli Regulatory & Quality Docs,GOTS-ICEA Eco-Certificate (for Organic Textiles),Certificato GOTS-ICEA per Tessile Biologico,תעודת תקן אורגני GOTS-ICEA,Mandatory for Eco-Textile,GOTS-ICEA Certification Dossier,"Textile Industry Clients (Delta Galil, Tefron)",Applies to GOTS-ICEA certified textile auxiliaries & softeners.
8. Silitex Product Specs Schedule,Idrorepellenti SH / 1300 (Masonry Waterproofing),Silane-Siloxane Microemulsion,אידרורפלנטי 1300 - תחליב איטום למבנים,HS 3910.0000,200kg Drums / 1000L IBC | Non-DG | EUR.1 Origin IT,Building Protection Sector (Termokir / Ashtrom / Tambour),Silane-siloxane water microemulsion for concrete and dry mortars.
8. Silitex Product Specs Schedule,BERETEX 750 / 350 / 500 (Process Defoamers),Simethicone Water Emulsion (35-75% active),ברטקס 750 - מונע קצף תעשייתי,HS 3824.9090 / 3402.90,200kg HDPE Drums / 1000L IBC | Non-DG | EUR.1 Origin IT,Wastewater & Paper Pulp Sector (Hadera Paper / Mekorot / Sano),High-stability process water antifoam emulsion.
8. Silitex Product Specs Schedule,SILIFOOD 3000 K / 1600 (Kosher & FDA Defoamers),Simethicone Emulsion FDA 21 CFR / Kosher Badatz,סיליפוד 3000K - מונע קצף כשר למזון,HS 3824.9090 / 3910.00,25kg Canisters / 200kg Drums | Non-DG | Kosher Cert Attached,Bio-Fermentation & Food Sector (Israeli Yeast / Beverage / Haifa Group),Kosher-certified and FDA compliant food-grade defoamer.
8. Silitex Product Specs Schedule,FISIOREX 1000 (100% Bio-Based Vegetal Defoamer),Plant-Based Fatty Acid Emulsion (Zero Silicone Oil),פיזיורקס 1000 - מונע קצף ירוק 100% צמחי,HS 3824.9090,200kg Drums / 1000L IBC | Non-DG | 100% Biodegradable,Green Chemistry & Eco-Paint Sector (Nirlat / Adama / Sano),100% plant-based organic defoamer with zero synthetic silicone.
8. Silitex Product Specs Schedule,MICROAMISIL / MACROAMISIL (Textile Softeners),Amino-Functional Silicone Microemulsion (D4/D5-Free),מיקרואמיסיל - מרכך סיליקון לטקסטיל,HS 3910.0000 / 3402.90,200kg Drums | Non-DG | D4/D5-Free REACH Compliant,Textile & Paper Fiber Sector (Delta Galil / Tefron / Infinya),Amino silicone microemulsion conferring durable velvet hand-feel.
5. Chemical Safety & DG (MSDS / ADR / IMDG / IATA),MSDS Transport Confirmation (ADR vs Non-ADR),Conferma SDS Trasporto ADR (ADR / non-ADR),אישור MSDS סיווג ADR (חומר מסוכן / לא מסוכן),Mandatory (from MSDS §14),Confirmed Non-ADR (or ADR Hazardous if solvent/reactive SKU),Forwarder Freight Pricing & Dangerous Goods Surcharge Quote,Official confirmation from SDS §14 stating whether road transport is subject to ADR regulation. Allows forwarder to calculate standard freight vs special hazardous cargo surcharges.
5. Chemical Safety & DG (MSDS / ADR / IMDG / IATA),Official Dangerous Goods Description for Forwarder (ADR Transport Text),Descrizione Ufficiale Merci Pericolose per Spedizioniere (Testo ADR),תיאור שינוע רשמי לחברות שילוח (הצהרת ADR לרשת שילוח),Mandatory for Forwarder Quote,"UN XXXX, PROPER SHIPPING NAME, CLASS X, PG X, (FLASH POINT °C), ENVIRONMENTALLY HAZARDOUS (or NOT RESTRICTED ACCORDING TO ADR/RID)",Special Hazardous Shipping Quotation & Transport Manifest,Exact mandatory transport description required on transport document according to ADR Chapter 5.4. Enables freight forwarder to provide official hazardous shipment rate.
5. Chemical Safety & DG (MSDS / ADR / IMDG / IATA),Sea Shipment Restrictions & IMDG Code Requirements (IMO / Port Regulations),Restrizioni Trasporto Marittimo e Codice IMDG (Porto di Haifa/Ashdod),מגבלות הובלה ימית ותקן IMDG (נמלי חיפה / אשדוד),Mandatory for Sea Freight,IMDG Code Compliant | Vessel Stowage Category A/B | Marine Pollutant Status (Yes/No) | Segregation Group,"Shipping Line Container Booking, Vessel Deck Stowage, Haifa/Ashdod Port Approval","Details marine pollutant status, segregation requirements, and port authority dangerous goods pre-clearance rules at Haifa/Ashdod ports."
5. Chemical Safety & DG (MSDS / ADR / IMDG / IATA),Air Shipment Restrictions & IATA DGR Limits (Passenger vs Cargo Aircraft),Restrizioni Trasporto Aereo IATA DGR (Aereo Passeggeri vs Cargo Only),מגבלות הובלה אווירית IATA DGR (מטוס נוסעים / מטוס מטען בלבד),Mandatory for Air Freight,IATA DGR Compliant | Packing Instruction (PI XXX) | Max Net Qty / Pkg (Passenger: X L / Cargo: Y L) | CAO Only flag,"Airline Cargo Booking, Air Waybill (AWB) DGD, Ben Gurion Airport (TLV) Customs Release","Specifies max allowed quantity per package for passenger aircraft vs Cargo Aircraft Only (CAO), flashpoint threshold, and required Shipper Declaration for Dangerous Goods (DGD)."
