Account_Name,Industry_Sector,Company_Sub_Industry,Silitex_Product_Category,Recommended_Silitex_SKU,Target_Application,Competitor_Benchmark_Offset,Est_Annual_Volume_Tons,Est_Annual_Value_USD,Priority_Tier,Action_Plan_Phase,Next_Sales_Action,Target_Department,Target_Contact_Role,CRM_Deal_Stage,Lead_Owner
ICL Group (ICL Growing Solutions),Agriculture & Agrochemicals,Fertilizers & Specialty Agrochemicals,Agricultural Super-Spreaders & Antifoams,Silitex Surfactant PE 193 & BERETEX 500,Organosilicone super-spreading & tank mix defoaming for liquid fertilizers,Dow Corning 193 / XIAMETER OFX-0193 / SAG 10,60,300000,Tier 1 - High Volume,Phase 1: Months 1-2 (Account Reactivation),Send introductory re-entry binder & dispatch 2kg PE 193 sample for lab evaluation,Agrochemical R&D & Procurement,VP R&D / Head of Formulations,1. Discovery & Outreach,Avshi Sapir (Sapirim)
Adama Agricultural Solutions,Agriculture & Agrochemicals,Crop Protection & Pesticide Formulations,Bio-Based Adjuvants & FISIOREX 1000,FISIOREX 1000 & Silitex Ag-Spreaders,100% plant-based eco-friendly spray adjuvant & rain-fastness enhancer,Synthetic Non-Ionic Surfactants / Break-Thru,60,300000,Tier 1 - High Volume,Phase 1: Months 1-2 (Account Reactivation),Present FISIOREX 1000 eco-data sheet & schedule technical R&D review,Formulation Development,Global Lead Formulations Chemist,1. Discovery & Outreach,Avshi Sapir (Sapirim)
Haifa Group,Agriculture & Agrochemicals,Specialty Plant Nutrients & Drip Irrigation,Fertigation Surfactants & Antifoams,SILIFOOD 3000 K & BERETEX 350,Non-foaming wetting agents for concentrated liquid feeds & fertigation,Dow Corning Antifoam A / Wacker SILFOAM,60,300000,Tier 1 - High Volume,Phase 1: Months 1-2 (Account Reactivation),Submit Kosher/FDA compliance certificate for SILIFOOD series,Soluble Fertilizer R&D,R&D Director - Liquid Nutrients,1. Discovery & Outreach,Avshi Sapir (Sapirim)
Inrom Construction Industries (Termokir / Alumayer),Water Repellents & Building Protection,Dry-Mix Mortars & External Wall Insulation,Water Repellent Emulsions (Idrorepellenti),Silitex Idrorepellenti SH / 1300 & Silane-Siloxane Microemulsion,"Hydrophobic mass additives for dry mortars, renders, and exterior facades",Wacker SILRES BS / Dow Corning IE-6683,65,325000,Tier 1 - High Volume,Phase 1: Months 1-2 (Account Reactivation),Deliver Idrorepellenti 1300 technical dossier & request water absorption lab test,Dry Mortars R&D,Chief Materials & QC Engineer,1. Discovery & Outreach,Avshi Sapir (Sapirim)
Ashtrom Group (Ashtrom Industries),Water Repellents & Building Protection,Precast Concrete & Infrastructure Coatings,Silicone Hydrophobic Sealants & Release Emulsions,Silitex Idrorepellenti MQ & EVERSIL 35 Emulsion,Waterproof silane/siloxane barrier sealants & precast mold release,Wacker SILRES / Dow Corning 36 Emulsion,65,325000,Tier 1 - High Volume,Phase 1: Months 1-2 (Account Reactivation),Initiate contact with Infrastructure QC lead & dispatch EVERSIL 35 release sample,Concrete Technology & Infrastructure,Head of Infrastructure Materials,1. Discovery & Outreach,Avshi Sapir (Sapirim)
Tambour Ltd.,"Paints, Coatings & Varnishes","Architectural, Decorative & Industrial Paints",Silicone Paint Additives & Surface Modifiers,"Silitex Silatex D, DM 350 & Polyether Leveling Agents","Hydrophobic wall paint additives, anti-cratering, slip & wet-scrub resistance",XIAMETER PMX-200 / Wacker-Belsil DM / BYK 333,55,275000,Tier 1 - Anchor Account,Phase 2: Months 3-5 (Lab Qualification),Schedule in-person technical lab meeting with Chief Paint Chemist & dispatch 5kg trial sample,Paint Formulations Lab,Chief Paint Chemist / R&D Manager,2. Technical Lab Qualification,Avshi Sapir (Sapirim)
Nirlat Ltd.,"Paints, Coatings & Varnishes",Water-Based Coatings & Wood Finishes,Eco-Certified Paint Additives & FISIOREX 1000,FISIOREX 1000 & Silitex Eco-Resin Emulsions,Eco-friendly bubble suppression & water repellency in water-based paints,TEGO Foamex / Evonik / TEGOPHOB,55,275000,Tier 1 - Anchor Account,Phase 2: Months 3-5 (Lab Qualification),Present FISIOREX 1000 plant-based defoamer as drop-in replacement for synthetic defoamers,Water-Based Coatings R&D,R&D Director - Eco Coatings,2. Technical Lab Qualification,Avshi Sapir (Sapirim)
Sano Bruno's Enterprises,Detergents & Cleaning Formulations,Household Detergents & Fabric Care,Detergent Antifoams & Softening Emulsions,"BERETEX 750, ANTISCHIUMA 3 & MACROAMISIL",Silicone defoamers for liquid detergent filling & laundry softening emulsions,Dow Corning Antifoam A / ABIL Quat 3272,55,275000,Tier 1 - Anchor Account,Phase 2: Months 3-5 (Lab Qualification),Dispatch 1kg BERETEX 750 sample to laundry lab for foam knock-down testing,Household Care R&D,Director of Detergent Formulations,2. Technical Lab Qualification,Avshi Sapir (Sapirim)
Cleano-Kal Ltd.,Detergents & Cleaning Formulations,Industrial & Institutional Cleaning Chemicals,Industrial Defoamers & Polish Emulsions,BERETEX 350 & BEAUTY CAR Emulsion,High-efficiency silicone defoamers for CIP cleaning & protective surface polishes,Momentive SAG 30 / Wacker SILFOAM SE,55,275000,Tier 1 - Anchor Account,Phase 2: Months 3-5 (Lab Qualification),Demonstrate BERETEX high-pH stability for CIP industrial cleaning solutions,Industrial Hygiene R&D,Technical Product Developer,2. Technical Lab Qualification,Avshi Sapir (Sapirim)
Mekorot National Water Co.,Water Treatment & Purification,Municipal Drinking Water & Wastewater Reclamation,Food-Grade & Municipal Process Defoamers,Silitex Depurazione Series & SILIFOOD 1600 (Kosher/FDA),Aeration basin foam suppression & potable water filtration defoaming,Dow Corning AFE-1520 / Clariant Antimussol,50,250000,Tier 1 - High Volume,Phase 3: Months 6-8 (Commercial Pilots),Submit SILIFOOD 1600 FDA/Kosher certificate package & quote 1-ton pilot drum order,Wastewater & Quality Operations,Chief Environmental Engineer,3. Commercial Pilot Trial,Avshi Sapir (Sapirim)
GES (Global Environmental Solutions),Water Treatment & Purification,Industrial Effluent Treatment & Desalination EPC,Industrial Water Antifoams & Demulsifiers,Silitex Depurazione 30% Active & Process Antifoams,Rapid knock-down defoaming in industrial wastewater treatment facilities,Evonik TEGO Antifoam / Wacker SE 39,50,250000,Tier 1 - High Volume,Phase 3: Months 6-8 (Commercial Pilots),Quote 1000L IBC tote pilot for industrial effluent treatment facility in Ramat Hovav,Chemical Solutions & Operations,Lead Chemical Process Engineer,3. Commercial Pilot Trial,Avshi Sapir (Sapirim)
Infinya (Hadera Paper),"Paper, Pulp & Packaging","Paper Recycling, Pulp Slurry & Packaging","Paper Defoamers, Softeners & Release Coatings","CPL 2907 (FDA), VOLUMEX & ANTIGAP 100","100% active paper pulp defoaming, paper fiber softening & hydrophobic barrier coatings",Clariant / Nalco Paper Defoamers,80,400000,Tier 1 - High Volume,Phase 3: Months 6-8 (Commercial Pilots),Conduct trial run of CPL 2907 FDA-approved defoamer on pulp recycling line #3,Paper Mill Process Operations,Paper Mill Technical Director,3. Commercial Pilot Trial,Avshi Sapir (Sapirim)
Israeli Commercial Yeast & Fermentation Producers,Food & Bio-Fermentation,Commercial Bakers Yeast & Beverage Processing,Kosher & FDA Food-Grade Bio-Defoamers,CPL 350 / CPL 350 ET (100% Vegetal) & SILIFOOD 3000 K,Kosher-certified 100% vegetal defoamer for bio-fermentation & yeast growth,Trans-Chem / Birko Food Antifoams,60,300000,Tier 1 - High Volume,Phase 3: Months 6-8 (Commercial Pilots),Present CPL 350 Kosher Certificate & schedule 200kg trial batch for fermentation tanks,Fermentation & Quality Control,Head of Fermentation Operations,3. Commercial Pilot Trial,Avshi Sapir (Sapirim)
Keter Plastic Ltd.,Rubber & Plastics Processing,Resin Consumer Goods & Injection Molding,Silicone Mold Release Emulsions,Silitex EVERSIL 35 & Gomma Plastica Release Agents,35% active silicone mold release agent for thermoplastic injection molding,Dow Corning 36 Emulsion / XIAMETER MEM-0036,40,200000,Tier 2 - Medium-High,Phase 4: Months 9-12 (Annual Supply Contracts),Submit annual pricing proposal for EVERSIL 35 drum supply to Yokneam plant,Injection Molding Operations,Plant Tooling & Operations Manager,4. Annual Contract Negotiation,Avshi Sapir (Sapirim)
Polyram Plastic Industries,Rubber & Plastics Processing,Thermoplastic Compounding & Technical Resins,Processing Aids & High-Viscosity Fluids,Silitex DM 12500 & High-Viscosity Dimethicone Fluids,Internal sliding lubricant & surface finish modifier for technical resin compounding,Momentive SF96 / Wacker AK Series,40,200000,Tier 2 - Medium-High,Phase 4: Months 9-12 (Annual Supply Contracts),Provide sample kit of high-viscosity DM fluids for compounding trial,Polymer Compounding R&D,Technical Manager - Resins,4. Annual Contract Negotiation,Avshi Sapir (Sapirim)
Iscar Ltd. (IMC Group),Metalworking & Machining,Precision Metalworking & Cutting Tools,Metalworking Coolant Antifoams,Silitex Lavorazione Metalli Antifoams & REOGUM 500,"Silicone defoamers for metalworking coolants, cutting fluids & assembly lubricants",Wacker SILFOAM / Momentive SAG,30,180000,Tier 1 - Strategic Account,Phase 4: Months 9-12 (Annual Supply Contracts),Initiate joint R&D trial with cutting fluid formulation group in Tefen,Coolants & Lubricants R&D,Lead Coolants Formulation Chemist,4. Annual Contract Negotiation,Avshi Sapir (Sapirim)
Delta Galil Industries,Textiles & Technical Fabrics,Seamless Apparel & Technical Textiles,GOTS-ICEA Certified Textile Auxiliaries,"Silitex GOTS-ICEA Softeners, MICROAMISIL & STONIX",Eco-certified amino silicone softeners for seamless activewear & hydrophilic finishing,Evonik TEGO Textile / Clariant Siligen,35,200000,Tier 1 - High Volume,Phase 4: Months 9-12 (Annual Supply Contracts),Deliver GOTS-ICEA certificate package & quote FCL container supply for Caesarea facility,Textile Finishing & Dyeing,Director of Textile Finishing,4. Annual Contract Negotiation,Avshi Sapir (Sapirim)
Tefron Ltd.,Textiles & Technical Fabrics,Seamless Activewear & Tactical Gear,Specialty Softeners & FISIOREX 1000,"NANOAMISIL HR, IDROAMISIL 1000 & FISIOREX 1000",Deep-penetrating nanoemulsions for ultra-soft hand feel & moisture management,Dow Corning 2-8566 / XIAMETER MEM-0863,35,200000,Tier 1 - High Volume,Phase 4: Months 9-12 (Annual Supply Contracts),Schedule fabric hand-feel evaluation with Misgav finishing team,Activewear Finishing R&D,Head of Textile Innovation,4. Annual Contract Negotiation,Avshi Sapir (Sapirim)
Bazan Group (Oil Refineries Ltd.),"Oil, Gas & Hydrocarbons",Oil Refining & Petrochemical Complex,High-Temp Defoamers & Demulsifiers,Silitex Refinery Antifoam Series & High-Temp Fluid Blends,"Silicone process antifoams for refining towers, coking units & oil-water demulsifiers",Dow Corning / Baker Hughes Antifoams,60,420000,Tier 1 - Strategic Account,Phase 4: Months 9-12 (Annual Supply Contracts),Submit technical dossier on high-temperature stability to Haifa Bay refinery team,Refinery Process Operations,Chief Chemical Process Engineer,4. Annual Contract Negotiation,Avshi Sapir (Sapirim)
